{
	"$schema": "http://json-schema.org/draft-07/schema",
	"type": "object",
	"title": "Consumer",
	"description": "The Consumer Schrema",
	"required": [
		"user_id"
	],
	"additionalProperties": false,
	"properties": {
		"user_id": {
			"$id": "#/properties/user_id",
			"type": "integer",
			"title": "user id",
			"description": "the user id"
		},
		"birth_date": {
			"$id": "#/properties/birth_date",
			"type": "string",
			"title": "birth date",
			"description": "the birth date of user",
			"examples": [
				"2020-06-02T14:04:36.000Z"
			]
		},
		"gender": {
			"$id": "#/properties/birth_date",
			"type": "string",
			"title": "gender",
			"description": "the gender of user",
			"examples": ["M"]
		},
		"created_at": {
			"$id": "#/properties/created_at",
			"type": "string",
			"title": "created_at",
			"description": "the creation date of user",
			"examples": [
				"2020-06-02T14:04:36.000Z"
			]
		},
		"updated_at": {
			"$id": "#/properties/updated_at",
			"type": "string",
			"title": "updated_at",
			"description": "the user update date",
			"examples": [
				"2020-06-02T14:04:36.000Z"
			]
		},
		"deleted": {
			"$id": "#/properties/deleted",
			"type": "string",
			"title": "deleted",
			"description": "The deleted user date",
			"examples": [
				"2020-06-02T14:04:36.000Z"
			]
		}
	}
}